sku,brand,product,price
NAADE10014,Osprey,Tempest 34 Rugzak Dames,127.46
B42A390522,Lowe Alpine,Ember 30 Rugzak,52.46
NAACC70012,Osprey,Talon 11 Rugzak,124.95
NAACE00047,Gregory,Juno 30 Rugtas Dames,101.21
B42A390460,AGU,Agu Top-Tube Bag,34.95
B42A390460,AGU,Agu Top-Tube Bag,34.95
B42A390540,Nomad,Montagon Premium 30 Rugzak,109.95
B42A390751,Osprey,Comet Dagrugzak,110.00
B42A690037,Jack Wolfskin,Kids Explorer 16 Dagrugzak Kids,59.95
B42A690029,Jack Wolfskin,Kids Explorer 20 Dagrugzak Kids,69.95
B42A390751,Osprey,Comet Dagrugzak,110.00
B42A690037,Jack Wolfskin,Kids Explorer 16 Dagrugzak Kids,59.95
B42A190053,Osprey,Tempest 16 Dagrugzak Dames,134.95
B42B1A0030,Osprey,Sirrus 34 Backpack Dames,179.95
B42B3A0082,Osprey,Stratos 34 Rugzak,179.95
B42B1A0030,Osprey,Sirrus 34 Backpack Dames,179.95
B42A390431,Osprey,Transporter Roll Top Waterproof 18L Dagrugzak,130.00
B42A390433,Osprey,Transporter Roll Top Wp 30L Daypack Dagrugzak,180.00
B42A390432,Osprey,Transporter Roll Top Wp 25L Daypack Dagrugzak,150.00
NAACD90008,Osprey,Daylite Plus,69.95
B42A390322,Osprey,Stratos 24 Rugzak,159.95
B42A390278,Mammut,Lithium 15 Rugzak,109.95
B42A390165,deuter,Futura 26 Rugzak,144.95
B42A390606,Osprey,Nebula Rugzak,119.95
B42A390591,Exped,Verglas 30 Rugzak,199.95
B42A390629,Osprey,Talon 18 Dagrugzak,134.95
B42A390091,Rab,Tensor 15 Dagrugzak,60.00
NAACC60100,Osprey,Talon 22L Rugzak,139.95
NAACC60100,Osprey,Talon 22L Rugzak,139.95
B42A390579,Exped,Serac 25 Rugzak,209.95
NAACE00003,Mammut,Ducan 24 Rugzak,139.95
NAADE00007,Mammut,Ducan 24 Women,139.95
B42A390435,Osprey,Womens Sirrus 26L Daypack,169.95
B42A390435,Osprey,Womens Sirrus 26L Daypack,169.95
B42A390556,Jack Wolfskin,Athmos Shape 16 Rugzak,109.95
NABBE00011,Vaude,Brenta 24 rugzak,134.95
B42A190035,Osprey,Sirrus 36 Rugzak Dames,199.95
B42A690034,Jack Wolfskin,Buttercup Dagrugzak Kids,39.95
NAABE00001,Mammut,Ducan Spine 28-35 Women,219.95
NAACE00040,Exped,Impulse 20 Rugzak,139.95
B42A390548,Mammut,Lithium 30 Rugzak,139.95
NAACE00041,Exped,Impulse 30 Rugzak,159.95
B42A390585,Exped,Summit Hike 25 Rugzak,99.95
B42A690030,Jack Wolfskin,Little Joe,49.95
NAACE00033,Mammut,Ducan 30 Rugzak,159.95
NAAEC52049,Exped,Typhoon 25 Rugzak,89.95
NAACE00039,Exped,Impulse 15 Rugzak,119.95
NAACE10016,Vaude,Wizard 30+4 rugzak,149.95
B42A390143,Lowe Alpine,Airzone Trek ND26 Rugzak Dames,149.95
B42A390452,Mammut,Lithium 20 Rugzak,119.95
B42A390104,Rab,Aeon LT 25 Rugzak,95.00
B42A390582,Exped,Serac 35 S Rugzak,219.95
NABBF00001,Fjällräven,Singi Stubben Rugtas,279.95
B42A390448,Jack Wolfskin,Wolftrail 28 Recco,139.95
B42A390607,Osprey,Parsec,129.95
B42A390738,Rab,Aeon Lt Hydro Heuptasje,49.95
B42A390089,Rab,Tensor 20,70.00
NAACE10014,Vaude,Wizard 18+4 rugzak,119.95
NAACE10014,Vaude,Wizard 18+4 rugzak,119.95
NAACC52029,Fjällräven,Kaipak 28L Rugzak,159.95
NAACC52029,Fjällräven,Kaipak 28L Rugzak,159.95
B42A390142,Lowe Alpine,AirZone Trek 28 Rugzak,149.95
B42A390584,Exped,Summit Hike 15 Rugzak,89.95
B42A390779,Jack Wolfskin,Ancona,59.95
B42A390449,Jack Wolfskin,Wolftrail 22 Recco,119.95
NAACD70019,Mammut,Neon Speed 15 Rugzak,99.95
B42A690038,Jack Wolfskin,Track Jack Dagrugzak Kids,59.95
B42A190051,Mammut,Lithium 30 Women,139.95
NAACF00004,Lowe Alpine,Klettersack 30 Rugzak,99.95
B42A390119,Lowe Alpine,Phase 30 Rugzak,90.00
NAACE10015,Vaude,Wizard 24+4 rugzak,139.95
B42A390267,Jack Wolfskin,Athmos Shape 20,109.95
B42A390118,Lowe Alpine,Phase 28 Rugzak,70.00
B42A390119,Lowe Alpine,Phase 30 Rugzak,90.00
B42A390445,Nomad,Montagon Premium 25 Rugzak,99.95
B42A390267,Jack Wolfskin,Athmos Shape 20,129.95
B42A390502,Osprey,Transporter Roll Top,129.95
B42A390426,Osprey,Arcane Roll Top Wp 25L Daypack Dagrugzak,219.95
NAACF00015,Patagonia,Ascensionist Rugzak 35L,189.95
NAAEC52045,Exped,Typhoon 15 Rugzak,79.95
NAACF00015,Patagonia,Ascensionist Rugzak 35L,189.95
B42A390759,Fjällräven,Abisko Hike Foldsack Rugzak.,164.95
B42A390728,Osprey,Metron 24 Dagrugzak,159.95
B42A390735,Fjällräven,Abisko Hike 35 S/M - M/L Rugzak,234.95
B42A390728,Osprey,Metron 24 Dagrugzak,159.95
B42A190031,Mammut,Lithium 25 Woman,129.95
B42A390759,Fjällräven,Abisko Hike Foldsack Rugzak.,164.95
NAACF00005,Lowe Alpine,Pioneer 26 Rugzak,89.95
B42A190050,Mammut,Lithium 20 Women,119.95
NAADE10006,Vaude,Women'S Tacora 22,124.95
NAACE00059,Vaude,Brenta 30 Rugzak,144.95
NAACE00014,Vaude,Jura 18 rugzak,99.95
NAACE00059,Vaude,Brenta 30 Rugzak,144.95
NAACE10006,deuter,Ac Lite 24 Rugzak,99.95
NAACE10006,deuter,Ac Lite 24 Rugzak,99.95
NAADE10005,deuter,AC Lite 22 SL Rugzak Dames,99.95
NAADE10004,deuter,Futura 30 SL Rugzak Dames,164.95
B42A190032,Mammut,Lithium 15 Women,109.95
NAADE10007,Vaude,Women'S Tacora 26+3,139.95
NAACE00002,Mammut,Ducan Spine 28-35 Rugzak,219.95
B42A390739,Fjällräven,Ulvö Rolltop 30 Dagrugzak,179.95
NAACE10005,deuter,Futura 32 Rugzak,164.95
B42A390117,Lowe Alpine,Phase 32 Dagrugzak,100.00
NAACE10004,deuter,Futura 23 Rugzak,124.95
NAACF00002,Lowe Alpine,Edge 26 Rugzak,69.95
NAACE10001,Lowe Alpine,Airzone Active 22,89.95
NAADE10003,deuter,Futura 25 Sl,134.95
NAACE10003,Lowe Alpine,AirZone Spirit 25L Dagrugzak,99.95
NAACE10002,Lowe Alpine,Airzone Active 18,84.95
B42A390277,Mammut,Lithium 25 Rugzak,129.95
B42A390144,Lowe Alpine,AirZone Active 26 Rugzak,89.95
NAACE10002,Lowe Alpine,Airzone Active 18,84.95
NAACC90032,Fjällräven,Keb Hike 30L Rugzak,239.95
B42A390521,Gregory,Nano 24,79.95
NAACD90038,Ortlieb,Attrack 25 ST,189.95
B42A390144,Lowe Alpine,AirZone Active 26 Rugzak,89.95
NAACD90038,Ortlieb,Attrack 25 ST,179.95
B42A390444,Nomad,Mahon Pro 25 Rugzak,99.95
B42A390785,Osprey,Escapist 25 Dagrugzak,149.95
NAACD90039,Ortlieb,Atrack ST 34L Rugzak Dames,219.95
NAACC60047,Exped,Cloudburst 25 Rugzak,62.95
B42A390784,Mammut,Aenergy 12 Dagrugzak,84.95
NAACD60003,Osprey,Daylite Plus Dagrugzak,69.95
B42A190052,Mammut,Lithium 40 Rugzak Dames,189.95
B42A390784,Mammut,Aenergy 12 Dagrugzak,84.95
B42A190052,Mammut,Lithium 40 Rugzak Dames,189.95
NABBD80009,Fjällräven,Lappland Hike 15 Rugzak,219.95
B42A390791,Doughnut,Hypatia Street Cruise Series,84.95
B42A390768,Ortlieb,Soulo 25L Dagrugzak,184.95
B42A390608,Osprey,Quasar,99.95
B42A390055,COTOPAXI,Cusco 26L Backpack Dagrugzak,134.95
B42A190060,Gregory,Maya 20 Plus Size Dagrugzak Dames,134.95
B42A390793,Gregory,Miko 20 Plus Size Dagrugzak,134.95
B42A390789,Doughnut,Colorado Happy Camper Series Dagrugzak,99.95
NAACF10002,The North Face,Verto 27 Rugzak,89.95
NAADC60023,Osprey,Tempest 20 Rugzak Dames,139.95
B42A190036,Osprey,Sirrus 24 Rugzak Dames,159.95
B42A390443,Nomad,Camino 18 Rugzak,74.95
B42A390782,Jack Wolfskin,Velocity 12 Rugzak,79.95
B42A390780,Jack Wolfskin,Perfect Day 22L Dagrugzak,79.95
NAADC80007,Lowe Alpine,Airzone Trail ND32 Rugzak Dames,129.95
B42A390790,Doughnut,Christopher Happy Camper Series Dagrugzak,99.95
NAADF00001,Lowe Alpine,Edge 18L Rugzak Dames,54.95
NAADF00001,Lowe Alpine,Edge 18L Rugzak Dames,59.95
B42A390786,Osprey,Hikelite 26 Rugzak,119.95
B42A390742,Nomad,Mahon Pro 18 Rugzak,99.95
NAADE10002,deuter,Futura 21 SL Rugzak Dames,134.95
B42A390317,Osprey,Arcane Roll Top Rugzak,99.95
